SrNo.,SchemeId,LocationId,District,Taluka,Name of Schemes,Region,Type,OSL,FRL,PWL,Design Storage in MCM,,,Present Storage in MCM,,,PercentageFilling %,RF,CRF,Type ofWarning,InflowinCusecs,OutflowRiverinCusecs,outflowCanalinCusecs
,,,,,,,,,,,Gross,Live,Dead,Gross,Live,Dead,,,,,,,
62,66,73,Amreli,Amreli,Thebi,Sau,G,120.6,126,124,10.65,9.98,0.67,4.54,3.87,0.67,42.63%,0,185,NIL,0,0,0
58,70,72,Amreli,Amreli,Vadi,Sau,G,128.05,134,133.5,10.62,10.20,0.42,8.86,8.44,0.42,83.43%,0,235,ALERT,102,102,0
64,93,63,Amreli,Babra,Ghelo-I,Sau,UG,159.1,166.72,164.93,10.09,9.86,0.23,5.15,4.92,0.23,51.04%,0,220,NIL,0,0,0
56,72,70,Amreli,Bagasara,Munjiasar,Sau,UG,55.47,62.94,60.866,13.64,13.63,0.01,6.22,6.21,0.01,45.60%,0,97,NIL,0,0,0
63,65,71,Amreli,Dhari,Khodiyar,Sau,G,179.82,202.68,198.9,29.94,29.94,0.00,14.04,14.04,0.00,46.89%,0,148,NIL,0,0,0
60,68,87,Amreli,Khambha,Raidy,Sau,G,42.25,50.85,47.7,6.93,6.38,0.55,2.98,2.43,0.55,43.00%,10,175,NIL,0,0,0
53,73,116,Amreli,Kunkavav vadia,Sankroli,Sau,UG,36.58,44.2,40.84,7.87,7.87,0.00,1.92,1.92,0.00,24.40%,0,62,NIL,0,0,0
59,69,115,Amreli,Kunkavav vadia,Vadiya,Sau,G,125.2,130.25,127.5,5.36,5.09,0.27,1.27,1.00,0.27,23.69%,0,170,NIL,0,0,0
61,67,85,Amreli,Rajula,Dhatarvadi,Sau,UG,70.83,81.23,81.25,26.92,24.63,2.29,26.92,24.63,2.29,100%,5,210,HIGHALERT,45,45,0
54,75,86,Amreli,Rajula,Dhatarwadi-II,Sau,G,31.85,34.41,33.5,10.19,7.44,2.75,6.76,4.01,2.75,66.34%,20,325,NIL,60,60,0
57,71,74,Amreli,Savarkundla,Shell-Dedumal,Sau,G,171,179.5,177.45,7.81,7.34,0.47,4.07,3.60,0.47,52.11%,0,200,NIL,0,0,0
55,74,84,Amreli,Savarkundla,Surajwadi,Sau,UG,39.62,50.29,50.29,6.37,6.37,0.00,6.37,6.37,0.00,100%,10,275,HIGHALERT,0,0,0
38,31,41,Arvalli,Bayad,Lank,NG,G,106.5,111.55,104.08,7.54,7.22,0.32,0.03,0.00,0.03,0.40%,4,159,NIL,0,0,0
39,30,34,Arvalli,Bhiloda,Hathmati,NG,UG,170.69,180.75,177.33,152.84,149.39,3.45,51.97,48.52,3.45,34.00%,20,171,NIL,0,0,0
43,34,35,Arvalli,Bhiloda,Meshwo,NG,UG,202.39,214.59,210.56,53.13,49.97,3.16,29.82,26.66,3.16,56.13%,4,177,NIL,50,0,0
42,27,40,Arvalli,Malpur,Watrak,NG,G,126.03,136.25,132.9,158.20,134.79,23.41,86.32,62.91,23.41,54.56%,8,359,NIL,0,0,0
41,35,39,Arvalli,Meghraj,Waidy,NG,UG,190.85,199.2,196.34,9.28,8.70,0.58,4.72,4.14,0.58,50.86%,2,195,NIL,20,0,0
40,29,38,Arvalli,Modasa,Mazam,NG,G,150.77,157.1,155,43.86,36.58,7.28,24.49,17.21,7.28,55.84%,6,386,NIL,35,35,0
46,4,44,Banaskantha,Dantiwada,Dantiwada,NG,G,161.85,184.1,169.53,397.12,392.01,5.10,43.64,38.54,5.10,10.99%,3,132,NIL,200,0,0
45,5,43,Banaskantha,Dantiwada,Sipu,NG,G,176.4,186.43,173.45,161.43,145.37,16.06,6.11,0.00,6.11,3.78%,0,124,NIL,0,0,0
44,3,45,Banaskantha,Vadgam,Mukteshwar,NG,G,193.67,201.65,194.75,31.46,26.30,5.16,7.22,2.06,5.16,22.95%,0,171,NIL,0,0,0
194,7,9,Bharuch,Jhagadia,Dholi,SG,UG,124,136,134.9,14.17,12.56,1.61,12.24,10.63,1.61,86.38%,16,364,ALERT,104.22,0,0
195,9,11,Bharuch,Netrang,Baldeva,SG,UG,131.35,141.5,136.8,8.15,7.84,0.31,2.45,2.14,0.31,30.06%,31,411,NIL,18.39,0,0
196,10,12,Bharuch,Netrang,Pigut,SG,UG,130.6,139.7,136.5,7.52,7.27,0.25,3.50,3.25,0.25,46.54%,36,588,NIL,282.02,0,0
68,84,68,Bhavnagar,Bhavnagar,Lakhanka,Sau,G,34.98,44.22,38.8,3.68,3.68,0.00,0.22,0.22,0.00,5.98%,0,151,NIL,0,0,0
76,90,81,Bhavnagar,Mahuva,Bagad,Sau,UG,55.36,60.41,60.41,11.18,9.66,1.52,11.18,9.66,1.52,100%,5,400,HIGHALERT,0,0,0
70,81,83,Bhavnagar,Mahuva,Malan,Sau,G,93.9,104.25,103.03,11.44,11.44,0.00,8.00,8.00,0.00,69.93%,0,271,NIL,0,0,0
73,91,82,Bhavnagar,Mahuva,Rojki,Sau,UG,89.15,99.06,99.1,9.23,9.13,0.10,9.23,9.13,0.10,100%,15,290,HIGHALERT,11,11,0
66,86,77,Bhavnagar,Palitana,Hanol,Sau,G,86.35,90.1,89.5,5.60,5.43,0.17,4.06,3.89,0.17,72.50%,0,281,WARNING,0,0,0
71,80,76,Bhavnagar,Palitana,Kharo,Sau,G,47.5,54.12,53.5,12.24,11.84,0.40,9.71,9.31,0.40,79.33%,0,415,WARNING,0,0,0
74,77,78,Bhavnagar,Palitana,Rajawal,Sau,G,50,56.75,56,28.21,25.84,2.37,22.64,20.27,2.37,80.26%,0,510,ALERT,0,0,0
75,76,75,Bhavnagar,Palitana,Shetrunji,Sau,G,45.17,55.53,55.35,346.48,341.45,5.03,334.23,329.20,5.03,96.46%,0,380,HIGHALERT,807,0,0
67,85,80,Bhavnagar,Talaja,Hamirpara,Sau,G,82.6,87.8,85.8,2.02,1.93,0.09,0.79,0.70,0.09,39.11%,0,330,NIL,0,0,0
65,196,69,Bhavnagar,Talaja,Jaspara-Mandva,Sau,UG,30.2,40.25,34.6,3.72,3.18,0.54,1.27,0.73,0.54,34.14%,0,160,NIL,0,0,0
72,88,79,Bhavnagar,Talaja,Pingli,Sau,G,45.2,51.3,50.7,2.11,1.84,0.27,1.74,1.47,0.27,82.46%,0,363,ALERT,0,0,0
69,82,67,Bhavnagar,Umrala,Ranghola,Sau,G,53.35,62.5,62.48,36.81,36.81,0.00,36.68,36.68,0.00,99.65%,0,190,HIGHALERT,0,0,0
82,1,59,Botad,Barwala,Khambhada,Sau,G,48.3,50.35,50,4.41,3.48,0.93,3.50,2.57,0.93,79.37%,0,505,WARNING,0,0,0
83,89,56,Botad,Botad,Goma,Sau,UG,120.4,126.5,126.5,15.75,15.12,0.63,15.75,15.12,0.63,100%,0,405,HIGHALERT,63,63,0
79,87,57,Botad,Botad,Kaniyad,Sau,G,99,102.25,101.8,2.93,2.64,0.29,2.33,2.04,0.29,79.52%,0,330,WARNING,0,0,0
78,182,55,Botad,Botad,Sukhbhadar,Sau,G,102,109.2,108.2,41.13,37.57,3.56,31.08,27.52,3.56,75.57%,0,280,WARNING,323,323,0
81,92,60,Botad,Gadhada,Bhimdad,Sau,UG,96.32,104.85,104.9,6.79,6.79,0.00,6.79,6.79,0.00,100%,0,460,HIGHALERT,66.42,66.42,0
80,78,66,Botad,Gadhada,Kalubhar,Sau,G,53.72,60.36,58.5,18.14,16.62,1.52,13.12,11.60,1.52,72.33%,0,230,WARNING,0,0,0
77,83,64,Botad,Gadhada,Limbali,Sau,G,124.1,128.1,125.1,8.48,6.94,1.54,2.71,1.17,1.54,31.96%,0,195,NIL,0,0,0
84,79,65,Botad,Gadhada,Malpara,Sau,G,73,78.1,77.8,6.90,6.40,0.50,5.70,5.20,0.50,82.61%,0,230,ALERT,0,0,0
85,2,58,Botad,Ranpur,Utavali,Sau,G,47.3,49.3,49,9.01,6.91,2.10,7.50,5.40,2.10,83.24%,0,475,ALERT,0,0,0
2,40,14,Chhotaudepur,Jetpur pavi,Sukhi,CG,G,134,147.82,145.7,173.01,163.22,9.79,125.15,115.36,9.79,72.34%,0,522,WARNING,900.53,900.53,0
1,41,15,Chhotaudepur,Kawant,Rami,CG,UG,184,196.35,190.3,4.55,4.49,0.06,0.99,0.93,0.06,21.76%,10,260,NIL,0,0,0
10,23,26,Dahod,Devgadh baria,WNKL.-BHEY,CG,UG,214.9,223.57,219.14,13.30,11.69,1.61,5.46,3.85,1.61,41.05%,25,385,NIL,0,0,0
4,25,25,Dahod,Dhanpur,Edalwada,CG,FG,228.5,237.3,235.9,14.08,13.28,0.80,10.28,9.48,0.80,73.01%,25,433,WARNING,343,0,0
5,18,21,Dahod,Garbada,Patadungari,CG,UG,160.02,170.84,167.18,41.05,39.64,1.41,17.91,16.50,1.41,43.63%,0,207,NIL,631,0,0
6,24,22,Dahod,Limkheda,Umaria,CG,UG,270.93,280,279.8,13.54,11.67,1.87,13.08,11.21,1.87,96.60%,2,306,HIGHALERT,294,0,0
7,16,23,Dahod,Singvad,Hadaf,CG,G,161.5,166.2,164.05,22.09,17.27,4.82,12.31,7.49,4.82,55.73%,9,296,NIL,300,0,0
9,22,24,Dahod,Singvad,Kabutari,CG,UG,180.6,186.3,185.05,9.58,8.07,1.51,6.87,5.36,1.51,71.71%,10,280,WARNING,245,0,0
3,26,17,Dahod,Zalod,Kali - II,CG,UG,250,257,257.05,14.52,10.91,3.61,14.52,10.91,3.61,100%,0,115,HIGHALERT,124,124,0
8,21,18,Dahod,Zalod,Machchhanala,CG,UG,271.31,277.64,274.9,27.75,21.82,5.93,15.04,9.11,5.93,54.20%,3,156,NIL,1716.7,0,0
90,123,137,DevbhumiDwarka,Bhanvad,Kabarka,Sau,UG,92.2,96.85,89.9,4.30,4.06,0.24,0.02,0.00,0.02,0.47%,0,100,NIL,0,0,0
88,195,131,DevbhumiDwarka,Bhanvad,Minsar (V),Sau,UG,85.5,91.8,83,5.85,5.54,0.31,0.08,0.00,0.08,1.37%,0,150,NIL,0,0,0
93,115,141,DevbhumiDwarka,Bhanvad,Sonmati,Sau,FG,72,78.5,72.5,7.40,7.09,0.31,0.44,0.13,0.31,5.95%,0,165,NIL,0,0,0
89,100,138,DevbhumiDwarka,Bhanvad,Vartu-I,Sau,UG,32,39.01,30.5,11.83,11.59,0.24,0.04,0.00,0.04,0.34%,10,140,NIL,0,0,0
94,109,142,DevbhumiDwarka,Bhanvad,Vartu-II,Sau,G,31.75,39.95,32.4,25.60,24.03,1.57,2.03,0.46,1.57,7.93%,0,130,NIL,0,0,0
86,118,139,DevbhumiDwarka,Bhanvad,Veradi,Sau,UG,80,85.15,77.5,6.42,6.31,0.11,0.00,0.00,0.00,0.00%,0,130,NIL,0,0,0
87,194,140,DevbhumiDwarka,Bhanvad,Veradi-II,Sau,UG,57.6,65.4,57.5,9.79,9.57,0.22,0.21,0.00,0.21,2.15%,0,115,NIL,0,0,0
97,95,147,DevbhumiDwarka,Jamkalyanpur,Sani,Sau,G,13.65,17.25,9.25,39.02,32.18,6.84,0.00,0.00,0.00,0.00%,0,440,NIL,0,0,0
92,117,146,DevbhumiDwarka,Jamkalyanpur,Shedhabhadthari,Sau,UG,28,32.5,23.9,5.62,4.99,0.63,0.01,0.00,0.01,0.18%,0,135,NIL,0,0,0
95,104,145,DevbhumiDwarka,Jamkhambhalia,Gadhaki,Sau,UG,25.1,30,24.7,9.34,9.14,0.20,0.14,0.00,0.14,1.50%,0,230,NIL,0,0,0
96,97,149,DevbhumiDwarka,Jamkhambhalia,Ghee,Sau,UG,34.44,40.54,37.15,10.97,10.89,0.08,2.21,2.13,0.08,20.15%,0,185,NIL,0,0,0
91,122,148,DevbhumiDwarka,Kalyanpur,Sindhani,Sau,UG,13,16.35,7.32,8.73,7.96,0.77,0.00,0.00,0.00,0.00%,0,240,NIL,0,0,0
98,127,89,Gir Somnath,Gir-Gadhada,Machhundri,Sau,UG,99.5,109.5,105.8,31.84,26.70,5.14,17.29,12.15,5.14,54.30%,5,195,NIL,199,0,0
99,126,88,Gir Somnath,Gir-Gadhada,Raval,Sau,G,129.85,148.85,142.455,26.73,24.00,2.73,14.21,11.48,2.73,53.16%,37,230,NIL,0,0,0
101,124,90,Gir Somnath,Gir-Gadhada,Shingoda,Sau,G,122.78,141.58,139.28,36.40,36.07,0.33,25.21,24.88,0.33,69.26%,5,336,NIL,0,0,0
100,125,92,Gir Somnath,Talala,Hiran-II,Sau,G,62.42,71.26,67.63,38.58,35.02,3.56,16.95,13.39,3.56,43.93%,6,249,NIL,0,0,0
102,106,164,Jamnagar,Dhrol,Und-II,Sau,G,14.5,18.25,12.15,37.12,32.87,4.25,0.55,0.00,0.55,1.48%,0,265,NIL,0,0,0
107,99,132,Jamnagar,Jamjodhpur,Dia-Minsar,Sau,UG,71.5,75.4,71.44,11.11,8.87,2.24,2.19,0.00,2.19,19.71%,0,190,NIL,0,0,0
119,110,126,Jamnagar,Jamjodhpur,Fulzar (KB),Sau,G,88.4,95.85,93.82,18.03,16.28,1.75,9.98,8.23,1.75,55.35%,0,115,NIL,40,0,0
105,103,128,Jamnagar,Jamjodhpur,Umiyasagar,Sau,G,68,71.05,69.5,1.55,1.37,0.18,0.85,0.67,0.18,54.84%,0,135,NIL,0,0,0
106,107,160,Jamnagar,Jamnagar,Kankavati,Sau,G,26.5,30.5,27.47,6.82,6.39,0.43,0.94,0.51,0.43,13.78%,0,205,NIL,0,0,0
118,108,156,Jamnagar,Jamnagar,Rangmati,Sau,G,38.5,43.2,42.2,3.36,3.20,0.16,2.17,2.01,0.16,64.58%,0,215,NIL,0,0,0
122,105,157,Jamnagar,Jamnagar,Ruparel,Sau,UG,45.05,48.2,47.8,4.27,3.74,0.53,3.56,3.03,0.53,83.37%,0,170,ALERT,0,0,0
115,114,158,Jamnagar,Jamnagar,Sapada,Sau,UG,27.13,32.77,32.32,5.56,5.27,0.29,4.72,4.43,0.29,84.89%,0,165,ALERT,0,0,0
117,94,163,Jamnagar,Jamnagar,Und-I,Sau,G,90.1,98,94.8,69.05,65.95,3.10,29.88,26.78,3.10,43.27%,0,155,NIL,0,0,0
108,101,159,Jamnagar,Jamnagar,Vijarkhi,Sau,UG,22.86,30.47,28.25,9.70,9.70,0.00,4.66,4.66,0.00,48.04%,0,190,NIL,0,0,0
103,206,155,Jamnagar,Jamnagar,Wagadiya,Sau,UG,60.2,62.05,62.05,2.27,1.25,1.02,2.27,1.25,1.02,100%,0,285,HIGHALERT,0,0,0
113,119,162,Jamnagar,Jamnagar,Wodisang,Sau,UG,72.7,76.5,74.85,7.85,5.58,2.27,4.60,2.33,2.27,58.60%,0,185,NIL,0,0,0
116,111,174,Jamnagar,Jodiya,Aji-IV,Sau,G,14.45,20.4,11.85,39.83,37.49,2.34,0.33,0.00,0.33,0.83%,0,95,NIL,0,0,0
121,98,127,Jamnagar,Kalavad,Fulzar-I,Sau,UG,17.98,24.69,23.8,11.36,11.22,0.14,8.07,7.93,0.14,71.04%,0,120,WARNING,0,0,0
110,113,121,Jamnagar,Kalavad,Phophal-II,Sau,UG,125,129.33,124.49,6.13,5.89,0.24,0.15,0.00,0.15,2.45%,0,135,NIL,0,0,0
112,121,161,Jamnagar,Kalavad,Und-III,Sau,UG,106.6,110.6,107.59,4.69,3.89,0.80,1.30,0.50,0.80,27.72%,0,110,NIL,0,0,0
114,116,150,Jamnagar,Lalpur,Fulzar-II,Sau,UG,47.55,52.12,43.3,3.10,2.83,0.27,0.00,0.00,0.00,0.00%,0,120,NIL,0,0,0
109,102,151,Jamnagar,Lalpur,Puna,Sau,UG,19.81,24.39,22.49,7.83,7.77,0.06,2.80,2.74,0.06,35.76%,0,50,NIL,0,0,0
111,120,152,Jamnagar,Lalpur,Rupavati,Sau,UG,72.75,77.3,69.2,2.76,2.63,0.13,0.00,0.00,0.00,0.00%,0,110,NIL,0,0,0
120,96,153,Jamnagar,Lalpur,Sasoi,Sau,UG,22.25,28.95,26.15,37.97,37.97,0.00,12.62,12.62,0.00,33.24%,0,75,NIL,0,0,0
104,205,154,Jamnagar,Lalpur,Sasoi-II,Sau,UG,100,104.4,100,2.43,2.02,0.41,0.41,0.00,0.41,16.87%,0,75,NIL,0,0,0
134,139,97,Junagadh,Bhesan,Mota-Gujariya,Sau,UG,132.77,140.02,138.25,7.64,7.55,0.09,3.80,3.71,0.09,49.74%,0,265,NIL,0,0,0
124,128,101,Junagadh,Bhesan,Uben,Sau,UG,100.61,107.61,102.48,16.20,15.60,0.60,1.97,1.37,0.60,12.16%,0,118,NIL,0,0,0
126,131,102,Junagadh,Junagadh,Hasanapur,Sau,UG,137.77,148.13,145.05,8.40,8.19,0.21,4.55,4.34,0.21,54.17%,0,170,NIL,0,0,0
127,132,98,Junagadh,Junagadh,Ozat-II,Sau,G,72.5,77.5,76.2,36.20,27.71,8.49,27.03,18.54,8.49,74.67%,3,310,WARNING,291,291,0
128,133,105,Junagadh,Maliya Hatina,Vrajmi,Sau,G,84.6,94,84.57,10.35,10.10,0.25,0.25,0.00,0.25,2.42%,0,283,NIL,0,0,0
131,136,106,Junagadh,Manavadar,Bantva-Kharo,Sau,G,13.8,16.25,14.57,6.68,5.76,0.92,1.75,0.83,0.92,26.20%,0,190,NIL,0,0,0
137,140,91,Junagadh,Mendarda,Hiran-I,Sau,UG,31.24,44.2,39.16,20.22,19.64,0.58,8.45,7.87,0.58,41.79%,8,379,NIL,0,0,0
123,129,103,Junagadh,Mendarda,Madhuvanti,Sau,UG,149.65,165.19,161.18,11.65,11.30,0.35,5.24,4.89,0.35,44.98%,0,267,NIL,10.62,0,0
132,137,99,Junagadh,Vanthali,Ozat-Weir,Sau,G,29.8,32.8,30,1.95,1.88,0.07,0.09,0.02,0.07,4.62%,0,322,NIL,1165.4,1165.4,0
133,138,100,Junagadh,Vanthali,Ozat-Weir(Vanthali),Sau,G,25,27.5,25.2,1.79,1.54,0.25,0.34,0.09,0.25,18.99%,0,285,NIL,1440.85,1440.85,0
136,198,104,Junagadh,Vanthali,Sabali,Sau,G,39.05,43.75,40.91,7.20,6.14,1.06,2.07,1.01,1.06,28.75%,0,270,NIL,0,0,0
129,134,94,Junagadh,Visavadar,Ambajal,Sau,G,171.8,182.31,180.35,10.55,9.60,0.95,7.39,6.44,0.95,70.05%,5,318,WARNING,0,0,0
130,135,95,Junagadh,Visavadar,Draphad,Sau,G,117.5,124,122.5,9.62,9.29,0.33,5.85,5.52,0.33,60.81%,0,217,NIL,0,0,0
135,141,96,Junagadh,Visavadar,Jhanjeshri,Sau,UG,140.15,149.96,145.35,10.03,9.79,0.24,2.96,2.72,0.24,29.51%,0,149,NIL,0,0,0
125,130,93,Junagadh,Visavadar,Prempara,Sau,UG,120.5,127.5,116.97,1.33,1.27,0.06,0.00,0.00,0.00,0.00%,0,288,NIL,0,0,0
33,60,201,Kachchh,Abdasa,Berachia,Kutch,UG,65.7,70.4,69,6.86,5.51,1.35,4.73,3.38,1.35,68.95%,8,193,NIL,0,0,0
35,58,199,Kachchh,Abdasa,Jangdia,Kutch,UG,34.7,38.6,34.7,9.04,6.85,2.19,2.20,0.01,2.19,24.34%,6,49,NIL,0,0,0
22,52,202,Kachchh,Abdasa,Kankawati,Kutch,UG,123.74,131.67,127.85,10.51,9.83,0.68,3.07,2.39,0.68,29.21%,14,187,NIL,0,0,0
29,64,200,Kachchh,Abdasa,Mitti,Kutch,UG,14.45,18.65,16.2,20.24,16.27,3.96,8.19,4.23,3.96,40.46%,7,89,NIL,0,0,0
28,45,206,Kachchh,Anjar,Tappar,Kutch,G,29.87,40.85,38.94,49.03,48.79,0.24,31.23,30.99,0.24,63.70%,0,80,NIL,0,0,0
20,54,191,Kachchh,Bhuj,Kaila,Kutch,UG,65.24,79.25,71.5,8.54,8.54,0.00,0.46,0.46,0.00,5.39%,0,110,NIL,0,0,0
37,56,189,Kachchh,Bhuj,Kaswati,Kutch,UG,43.89,51.2,45.2,8.20,7.96,0.24,0.79,0.55,0.24,9.63%,0,69,NIL,0,0,0
25,48,190,Kachchh,Bhuj,Rudramata,Kutch,UG,54.55,66.44,52.8,59.92,54.97,4.95,2.38,0.00,2.38,3.97%,0,64,NIL,0,0,0
27,46,198,Kachchh,Lakhpat,Godhatad,Kutch,UG,16.35,23,20.2,13.99,12.69,1.30,6.58,5.28,1.30,47.03%,0,36,NIL,0,0,0
18,49,196,Kachchh,Lakhpat,Nara,Kutch,UG,18.28,27.43,22.5,39.70,38.21,1.49,9.52,8.03,1.49,23.98%,0,27,NIL,0,0,0
26,47,197,Kachchh,Lakhpat,Sanandro,Kutch,UG,51.2,59.75,52.7,10.35,10.10,0.25,0.65,0.40,0.25,6.28%,0,30,NIL,0,0,0
30,63,203,Kachchh,Mandvi,Don,Kutch,UG,44.6,47.75,45.2,2.28,1.39,0.89,1.11,0.22,0.89,48.68%,0,113,NIL,0,0,0
36,57,204,Kachchh,Mundra,Gajod,Kutch,UG,82.3,90.85,84.81,7.71,7.37,0.34,1.08,0.74,0.34,14.01%,3,75,NIL,0,0,0
31,62,205,Kachchh,Mundra,Kalaghogha,Kutch,UG,31.5,37,37,4.98,4.26,0.72,4.98,4.26,0.72,100%,13,210,HIGHALERT,18.99,18.99,0
23,51,193,Kachchh,Nakhatrana,Bhukhi,Kutch,UG,62.05,73,65.7,15.58,14.58,1.00,3.12,2.12,1.00,20.03%,0,102,NIL,0,0,0
32,61,195,Kachchh,Nakhatrana,Gajansar,Kutch,UG,26.21,30,26.5,5.98,3.90,2.08,2.34,0.26,2.08,39.13%,0,19,NIL,0,0,0
21,53,194,Kachchh,Nakhatrana,Mathal,Kutch,UG,73.44,83.18,80,12.29,11.19,1.10,5.53,4.43,1.10,45.00%,0,186,NIL,0,0,0
24,50,192,Kachchh,Nakhatrana,Niruna,Kutch,UG,34.44,43.58,34.7,27.17,22.98,4.19,4.56,0.37,4.19,16.78%,0,137,NIL,60,0,0
34,59,187,Kachchh,Rapar,Fatehgadh,Kutch,UG,19.5,22.7,21.4,4.04,3.99,0.05,1.36,1.30,0.05,33.66%,0,52,NIL,0,0,0
19,55,188,Kachchh,Rapar,Suvi,Kutch,UG,38.1,42.67,40.7,8.85,8.13,0.71,3.43,2.72,0.71,38.76%,0,204,NIL,0,0,0
11,202,42,Kheda,Kapadvanj,Varansi,CG,G,78,81,76.43,3.18,2.62,0.56,0.20,0.00,0.20,6.29%,10,163,NIL,50,50,0
47,13,32,Mahesana,Satlasana,Dharoi,NG,G,175.87,189.59,185.575,813.14,745.63,67.51,450.72,383.21,67.51,55.43%,0,450,NIL,1736,0,0
12,12,28,Mahisagar,Balasinor,Wanakbori,CG,UG,60.05,67.3,67.36,41.88,36.22,5.66,41.88,36.22,5.66,100%,2,184,NIL,868,568,300
15,17,19,Mahisagar,Kadana,Kadana,CG,G,99.06,127.71,119.64,1249.30,1191.70,57.60,564.15,506.55,57.60,45.16%,10,184,NIL,7638,0,0
13,19,20,Mahisagar,Khanpur,Bhadar (P),CG,G,110.95,123.72,116.3,30.95,29.23,1.72,7.78,6.06,1.72,25.14%,0,170,NIL,0,0,0
14,14,27,Mahisagar,Lunawada,Panam,CG,G,106.68,127.41,125,578.19,552.97,25.22,426.56,401.34,25.22,73.78%,11,338,WARNING,934,0,0
143,189,184,Morbi,Halvad,Brahmani,Sau,UG,56.39,64.62,64.55,58.33,56.29,2.04,57.51,55.47,2.04,98.59%,0,110,HIGHALERT,45,0,0
142,200,185,Morbi,Halvad,Brahmani-II,Sau,G,39.15,44.5,43,19.80,18.50,1.30,11.35,10.05,1.30,57.32%,10,135,NIL,317,217,100
147,112,177,Morbi,Morbi,Demi - III,Sau,G,21.65,25.6,19.35,9.60,8.47,1.13,0.26,0.00,0.26,2.71%,0,110,NIL,0,0,0
144,166,182,Morbi,Morbi,Ghodadhroi,Sau,G,93.12,98.3,97.9,6.88,5.55,1.33,6.32,4.99,1.33,91.86%,0,165,HIGHALERT,0,0,0
140,150,181,Morbi,Morbi,Machchhu-II,Sau,G,47.24,57.3,51.9,87.90,84.10,3.80,19.73,15.93,3.80,22.45%,0,140,NIL,230,0,0
141,203,183,Morbi,Morbi,Machchhu-III,Sau,G,22.35,28.7,27,7.99,6.46,1.53,5.42,3.89,1.53,67.83%,0,230,NIL,70,70,0
139,178,173,Morbi,Tankara,Bangawadi,Sau,FG,36.36,42.65,37.2,7.67,7.58,0.09,0.27,0.18,0.09,3.52%,0,145,NIL,0,0,0
145,172,175,Morbi,Tankara,Demi - I,Sau,FG,53.34,60.35,54.41,22.17,22.10,0.07,1.00,0.93,0.07,4.51%,0,180,NIL,0,0,0
146,164,176,Morbi,Tankara,Demi - II,Sau,G,42,48,44.35,21.33,19.91,1.42,4.62,3.20,1.42,21.66%,0,110,NIL,0,0,0
138,158,180,Morbi,Wankaner,Machchhu - I,Sau,UG,122.53,135.33,131.87,68.95,68.95,0.00,30.13,30.13,0.00,43.70%,0,250,NIL,180,0,0
197,6,13,Narmada,Nandod,Karjan,SG,G,78,115.25,103.38,538.75,514.65,24.10,260.10,236.00,24.10,48.28%,7,339,NIL,6622,6622,0
199,8,5,Narmada,Sagbara,Chopadvav,SG,FG,176.4,187.4,183.8,7.18,7.18,0.00,2.79,2.79,0.00,38.86%,32,462,NIL,0,0,0
198,11,6,Narmada,Sagbara,Kakdi-Amba,SG,FG,177.21,187.71,183.5,7.31,7.29,0.02,2.55,2.53,0.02,34.88%,36,370,NIL,0,0,0
201,43,2,Navsari,Vansada,Jhuj,SG,UG,147,167.5,160.25,28.65,27.58,1.07,10.16,9.09,1.07,35.46%,60,637,NIL,425.08,0,0
200,44,3,Navsari,Vansada,Kelia,SG,UG,98.1,113.4,107.8,19.98,19.23,0.75,6.90,6.15,0.75,34.53%,55,758,NIL,314.72,0,0
16,20,29,Panchmahal,Ghoghamba,Karad,CG,FG,123.44,140.08,136.85,42.45,40.06,2.39,27.27,24.88,2.39,64.24%,26,557,NIL,539,0,0
17,15,16,Panchmahal,Halol,Deo,CG,G,80,89.65,87.59,67.95,61.35,6.59,42.07,35.48,6.59,61.91%,0,641,NIL,0,452.53,0
155,145,107,Porbandar,Kutiyana,Amipur,Sau,G,3.35,5.64,4.18,30.00,28.85,1.15,8.70,7.55,1.15,29.00%,0,233,NIL,245.24,0,0
148,146,136,Porbandar,Kutiyana,Kalindri,Sau,UG,45.82,52.23,48.6,7.22,6.50,0.72,2.06,1.34,0.72,28.53%,10,216,NIL,0,0,0
152,199,130,Porbandar,Kutiyana,Saran,Sau,G,33.5,37,35.7,1.69,1.62,0.07,0.70,0.63,0.07,41.42%,5,205,NIL,0,0,0
154,147,144,Porbandar,Porbandar,Advana,Sau,UG,20.15,24,19.5,2.61,2.21,0.40,0.23,0.00,0.23,8.81%,0,198,NIL,0,0,0
149,144,143,Porbandar,Porbandar,Sorthi,Sau,UG,89.75,95.5,91,8.46,7.01,1.45,2.27,0.82,1.45,26.83%,0,200,NIL,50,0,0
150,143,134,Porbandar,Ranavav,Khambhala,Sau,UG,29.26,39.63,36.53,15.37,15.33,0.04,6.51,6.47,0.04,42.36%,10,222,NIL,0,0,0
151,142,133,Porbandar,Ranavav,Phodarness,Sau,UG,82.3,93.57,89.45,23.65,22.26,1.39,11.99,10.60,1.39,50.70%,20,240,NIL,0,0,0
153,204,135,Porbandar,Ranavav,Rana Khirasara,Sau,G,28.52,36.75,33.6,4.02,3.97,0.05,1.49,1.44,0.05,37.06%,12,322,NIL,0,0,0
181,149,123,Rajkot,Dhoraji,Bhadar - II,Sau,G,45.44,53.1,52,49.00,41.85,7.15,39.74,32.59,7.15,81.10%,0,125,ALERT,657,657,0
182,148,114,Rajkot,Gondal,Bhadar,Sau,G,97.54,107.9,104.55,188.14,187.91,0.23,74.51,74.28,0.23,39.60%,0,140,NIL,0,0,0
164,179,119,Rajkot,Gondal,Kabir-Sarovar,Sau,UG,28.04,32.45,28.2,6.49,6.21,0.28,0.36,0.08,0.28,5.55%,0,45,NIL,0,0,0
174,167,118,Rajkot,Gondal,Motisar,Sau,G,138.5,143,140,2.58,2.35,0.23,0.62,0.39,0.23,24.03%,0,50,NIL,0,0,0
157,156,113,Rajkot,Gondal,Veri,Sau,G,139.19,142.04,139.42,4.59,4.59,0.00,0.07,0.07,0.00,1.53%,0,50,NIL,0,0,0
180,159,122,Rajkot,Jamkandorna,Phophal - I,Sau,UG,73.98,81.75,77.11,51.83,48.83,3.00,12.75,9.75,3.00,24.60%,10,144,NIL,0,0,0
168,174,61,Rajkot,Jasdan,Ghelo - S,Sau,UG,127.25,135.1,133.69,6.06,5.89,0.17,3.98,3.81,0.17,65.68%,0,110,NIL,0,0,0
165,177,109,Rajkot,Jasdan,Ishwaria,Sau,UG,151.5,157.3,153.85,5.25,4.85,0.40,1.53,1.13,0.40,29.14%,0,105,NIL,0,0,0
156,157,110,Rajkot,Jasdan,Karnuki,Sau,G,159,164.5,161.5,8.54,8.31,0.23,1.96,1.73,0.23,22.95%,0,140,NIL,0,0,0
175,165,120,Rajkot,Jetpur,Chhaparwadi-II,Sau,G,90.76,98.38,90.7,16.62,15.27,1.35,1.30,0.00,1.30,7.82%,0,80,NIL,0,0,0
172,169,117,Rajkot,Jetpur,Survo,Sau,G,92.15,99.85,96.35,13.90,13.66,0.24,3.82,3.58,0.24,27.48%,0,162,NIL,0,0,0
169,173,111,Rajkot,Kotada sangani,Gondali,Sau,UG,36.58,45.8,37.95,10.11,9.97,0.14,0.38,0.24,0.14,3.76%,0,40,NIL,0,0,0
158,155,108,Rajkot,Kotada sangani,Karmal,Sau,G,165,169,165,12.70,10.30,2.40,2.40,0.00,2.40,18.90%,0,30,NIL,0,0,0
167,175,112,Rajkot,Kotada sangani,Vachhapari,Sau,UG,38.4,43.89,39.59,6.12,5.58,0.54,1.14,0.60,0.54,18.63%,10,82,NIL,0,0,0
178,161,165,Rajkot,Lodhika,Nyari - I,Sau,G,96.85,104.5,102.45,35.36,33.62,1.74,19.14,17.41,1.74,54.13%,0,20,NIL,0,0,0
162,151,171,Rajkot,Paddhari,Aji-III,Sau,G,45,53.15,50.61,49.75,46.13,3.62,23.19,19.57,3.62,46.61%,0,80,NIL,550,0,0
171,170,167,Rajkot,Paddhari,Dondi,Sau,G,101,103.72,100,3.80,2.91,0.89,0.43,0.00,0.43,11.32%,0,150,NIL,0,0,0
173,168,172,Rajkot,Paddhari,Khodapipar,Sau,G,52.87,55.27,51.5,3.00,2.33,0.67,0.21,0.00,0.21,7.00%,0,225,NIL,0,0,0
159,154,166,Rajkot,Paddhari,Nyari-II,Sau,G,82.2,88.5,87.9,12.25,11.52,0.73,10.07,9.34,0.73,82.20%,0,155,ALERT,368,368,0
176,163,170,Rajkot,Rajkot,Aji - II,Sau,G,64.6,73.76,72.5,22.09,20.76,1.33,16.19,14.86,1.33,73.29%,0,30,WARNING,170,170,0
179,160,168,Rajkot,Rajkot,Aji-I,Sau,UG,138.68,147.52,145.76,26.43,25.99,0.44,16.40,15.96,0.44,62.05%,0,110,NIL,0,0,0
177,162,169,Rajkot,Rajkot,Lalpari,Sau,UG,132.89,137.46,136.4,5.11,5.11,0.00,3.33,3.33,0.00,65.17%,0,155,NIL,0,0,0
166,176,178,Rajkot,Rajkot,Phadangbeti,Sau,UG,185.67,189.25,187.75,5.89,5.37,0.52,2.82,2.30,0.52,47.88%,0,145,NIL,0,0,0
161,152,125,Rajkot,Upleta,Moj,Sau,G,59.14,72.54,68.28,36.69,36.69,0.00,11.05,11.05,0.00,30.12%,0,87,NIL,0,0,0
170,171,124,Rajkot,Upleta,Sodvadar,Sau,UG,69.65,76.7,71.35,4.84,4.58,0.26,0.53,0.27,0.26,10.95%,0,60,NIL,0,0,0
160,153,129,Rajkot,Upleta,Venu-II,Sau,G,49,55,49,22.58,18.80,3.78,3.79,0.01,3.78,16.78%,0,66,NIL,0,0,0
183,180,54,Rajkot,Vinchhiya,Dhari,Sau,UG,44.5,49.07,49,3.01,2.52,0.49,2.94,2.45,0.49,97.67%,0,265,HIGHALERT,0,0,0
163,181,62,Rajkot,Vinchhiya,Malgadh,Sau,UG,153.67,159.37,158.1,2.64,2.53,0.11,1.51,1.40,0.11,57.20%,0,170,NIL,0,0,0
49,28,33,Sabarkantha,Himatnagar,Guhai,NG,G,164.75,173,168.87,68.75,61.22,7.53,27.41,19.88,7.53,39.87%,25,222,NIL,0,0,0
52,197,31,Sabarkantha,Khedbrahma,Khedva,NG,G,253.6,259.7,256,7.63,6.68,0.95,3.61,2.66,0.95,47.31%,5,564,NIL,120,120,0
48,201,36,Sabarkantha,Talod,Gorathiya,NG,G,105.25,110.43,105.25,4.15,3.25,0.90,0.91,0.01,0.90,21.93%,9,239,NIL,0,0,0
50,32,37,Sabarkantha,Talod,Javanpura,NG,G,86.43,91,86.43,2.50,2.35,0.15,0.15,0.00,0.15,6.00%,6,164,NIL,0,0,0
51,33,30,Sabarkantha,Vijaynagar,Harnav-II,NG,G,317.5,332,327.26,21.67,19.97,1.70,11.74,10.04,1.70,54.18%,5,208,NIL,0,0,0
202,39,8,Surat,Mandvi,Lakhigam,SG,UG,67.1,74.1,72.6,4.26,4.06,0.20,2.87,2.67,0.20,67.37%,33,580,NIL,51,0,0
203,38,10,Surat,Mandvi,Ver-II,SG,G,101,115.8,110.4,31.88,31.72,0.16,11.16,11.01,0.16,35.01%,57,430,NIL,651,0,0
188,191,46,Surendranagar,Chotila,Morshal,Sau,UG,173.1,177,175.4,3.25,3.05,0.20,1.20,1.00,0.20,36.92%,0,200,NIL,0,0,0
192,193,179,Surendranagar,Chotila,Triveni Thanga,Sau,UG,202.8,208,207.75,3.23,2.95,0.28,2.84,2.56,0.28,87.93%,10,250,ALERT,108,0,0
190,188,50,Surendranagar,Chuda,Vansal,Sau,UG,98,100.7,100.7,3.97,3.33,0.64,3.97,3.33,0.64,100%,0,205,HIGHALERT,31,31,0
185,185,186,Surendranagar,Dhrangadhra,Falku,Sau,FG,102.05,107,104.6,13.02,12.69,0.33,3.00,2.67,0.33,23.04%,0,180,NIL,0,0,0
193,183,52,Surendranagar,Muli,Nyka,Sau,G,96.04,101.8,101.5,13.71,13.36,0.35,11.78,11.43,0.35,85.92%,0,285,ALERT,0,0,0
187,192,51,Surendranagar,Muli,Saburi,Sau,UG,123.7,129.5,129.5,4.50,3.95,0.55,4.50,3.95,0.55,100%,5,225,HIGHALERT,0,0,0
189,190,48,Surendranagar,Sayla,Lim-Bhogavo-I,Sau,UG,39.93,46.02,46.02,22.43,21.90,0.53,22.43,21.90,0.53,100%,5,375,HIGHALERT,0,0,0
186,186,47,Surendranagar,Sayla,Nimbmani,Sau,G,129.9,134.5,134.2,6.18,5.79,0.39,5.41,5.02,0.39,87.54%,0,305,ALERT,0,0,0
184,184,53,Surendranagar,Wadhwan,Dholidhaja,Sau,UG,74.37,80.47,79.22,20.39,18.69,1.70,14.10,12.40,1.70,69.15%,0,160,NIL,0,0,100
191,187,49,Surendranagar,Wadhwan,Lim-Bhogavo-II,Sau,G,72.05,76,74.5,15.17,13.00,2.17,8.08,5.91,2.17,53.26%,0,215,NIL,0,0,0
204,37,4,Tapi,Songadh,Doswada,SG,UG,114.6,123.44,123.49,3.43,3.33,0.10,3.43,3.33,0.10,100%,40,491,HIGHALERT,150,150,0
205,36,7,Tapi,Songadh,Ukai,SG,G,78.77,105.156,97.021,7414.2,6729.9,684.39,3516.7,2832.3,684.39,47.43%,45,479,NIL,44257,0,800
206,42,1,Valsad,Kaprada,Damanganga,SG,G,59.46,79.86,69.85,524.86,478.09,46.77,171.13,124.36,46.77,32.60%,13,934,NIL,17749,18727,0
,,,,,,,,,,,9,0,,1,2,,,,,,,,
,,,,,,,,,,,15804.28,14598.77,1205.50,7547.72,6372.79,1174.94,,,,,,,
